tweet,label
"ChatGPT adalah inovasi terbaik yang pernah saya gunakan, amazing!",positif
Saya semakin produktif semenjak menggunakan ChatGPT setiap hari,positif
Saya belum terlalu sering pakai ChatGPT jadi belum bisa menilai banyak,netral
Luar biasa! ChatGPT bisa bantu debugging kode program saya dalam sekejap,positif
"ChatGPT berkembang cepat, sulit memprediksi dampaknya jangka panjang",netral
ChatGPT membuat kompetisi kerja semakin ketat dan tidak adil,negatif
ChatGPT berbahaya jika digunakan tanpa pengawasan yang ketat,negatif
ChatGPT adalah alat yang luar biasa untuk meningkatkan kreativitas,positif
Saya takjub dengan perkembangan ChatGPT yang semakin canggih,positif
"Fitur ChatGPT makin bagus, AI ini benar-benar mengubah cara kerja saya",positif
Jawaban ChatGPT kadang terasa generik dan tidak sesuai kebutuhan spesifik,negatif
Saya was-was data pribadi saya disalahgunakan oleh perusahaan di balik ChatGPT,negatif
ChatGPT sangat membantu dalam membuat konten media sosial yang menarik,positif
"Wajar jika ada pro kontra soal ChatGPT, itu hal yang lumrah",netral
ChatGPT adalah teknologi baru yang masih perlu banyak pengembangan,netral
Jawaban ChatGPT kadang terasa generik dan tidak sesuai kebutuhan spesifik,negatif
Terima kasih ChatGPT sudah membantu tugas kuliah saya menjadi lebih mudah,positif
Saya semakin produktif semenjak menggunakan ChatGPT setiap hari,positif
Saya sangat terbantu dengan ChatGPT untuk membuat presentasi,positif
ChatGPT membantu saya memahami hukum dan regulasi bisnis dengan mudah,positif
ChatGPT membuat pelajar malas belajar dan mudah menyontek,negatif
"Fitur ChatGPT makin bagus, AI ini benar-benar mengubah cara kerja saya",positif
ChatGPT masih banyak kekurangan terutama untuk bahasa Indonesia,negatif
Saya kagum dengan kemampuan ChatGPT dalam memahami bahasa Indonesia,positif
Saya sangat puas menggunakan ChatGPT untuk riset dan penulisan,positif
"ChatGPT jauh lebih pintar dari yang saya bayangkan, sangat impressive",positif
ChatGPT memiliki potensi besar namun implementasinya perlu diperhatikan,netral
Luar biasa! ChatGPT bisa bantu debugging kode program saya dalam sekejap,positif
Pemerintah perlu membuat regulasi yang jelas terkait penggunaan ChatGPT,netral
Saya semakin produktif semenjak menggunakan ChatGPT setiap hari,positif
Perkembangan ChatGPT patut diikuti namun dengan sikap kritis,netral
"Saya coba ChatGPT dan hasilnya biasa saja, tidak istimewa tapi tidak buruk",netral
Saya pakai ChatGPT hanya untuk hal-hal tertentu saja,netral
ChatGPT membuat pelajar malas belajar dan mudah menyontek,negatif
Saya pakai ChatGPT hanya untuk hal-hal tertentu saja,netral
Saya belum terlalu sering pakai ChatGPT jadi belum bisa menilai banyak,netral
"ChatGPT menarik dari sisi teknologi, namun etika penggunaannya perlu dijaga",netral
ChatGPT benar-benar membantu UMKM seperti usaha saya berkembang,positif
"ChatGPT benar-benar membantu pekerjaan saya sehari-hari, sangat terkesan!",positif
Fitur ChatGPT sangat intuitif dan mudah digunakan oleh siapapun,positif
"Sudah 6 bulan pakai ChatGPT, tidak bisa bayangin kerja tanpa ini",positif
Perlu literasi digital yang baik agar penggunaan ChatGPT tepat sasaran,netral
ChatGPT terlalu dibatasi dan sering menolak pertanyaan yang sebenarnya valid,negatif
ChatGPT luar biasa! bisa bantu nulis artikel dalam hitungan menit,positif
ChatGPT bisa jadi alat bantu yang baik jika digunakan dengan bijak,netral
ChatGPT membuat pelajar malas belajar dan mudah menyontek,negatif
ChatGPT bisa jadi alat bantu yang baik jika digunakan dengan bijak,netral
Layanan ChatGPT berbayar terlalu mahal untuk kebanyakan pengguna Indonesia,negatif
Saya kecewa ChatGPT tidak memahami konteks budaya Indonesia dengan baik,negatif
ChatGPT sering halusinasi dan membuat fakta yang tidak ada,negatif
ChatGPT adalah alat yang luar biasa untuk meningkatkan kreativitas,positif
"ChatGPT memang keren, AI ini revolusioner untuk dunia pendidikan",positif
"Saya suka banget sama ChatGPT, jawaban yang diberikan sangat akurat dan cepat",positif
ChatGPT membantu saya memahami hukum dan regulasi bisnis dengan mudah,positif
Saya semakin produktif semenjak menggunakan ChatGPT setiap hari,positif
Saya berhasil naik jabatan berkat produktivitas yang meningkat dengan ChatGPT,positif
Masih terlalu dini untuk menilai apakah ChatGPT benar-benar revolusioner,netral
Saya sangat puas menggunakan ChatGPT untuk riset dan penulisan,positif
ChatGPT dan AI lainnya akan semakin mengubah lanskap pekerjaan,netral
Saya berhasil naik jabatan berkat produktivitas yang meningkat dengan ChatGPT,positif
"ChatGPT mengubah cara orang bekerja, entah itu baik atau buruk",netral
"ChatGPT membuat hidup saya lebih mudah, sangat direkomendasikan!",positif
Saya pernah dirugikan karena mengikuti saran yang salah dari ChatGPT,negatif
ChatGPT tidak bisa menggantikan konsultasi dengan profesional sungguhan,negatif
ChatGPT membuat kompetisi kerja semakin ketat dan tidak adil,negatif
ChatGPT tidak bisa diandalkan untuk informasi yang membutuhkan keakuratan tinggi,negatif
"ChatGPT membuat hidup saya lebih mudah, sangat direkomendasikan!",positif
Perlu literasi digital yang baik agar penggunaan ChatGPT tepat sasaran,netral
ChatGPT membantu saya memahami konsep yang sulit dengan penjelasan yang mudah dipahami,positif
Penggunaan ChatGPT di dunia pendidikan masih pro dan kontra,netral
ChatGPT sangat membantu dalam membuat konten media sosial yang menarik,positif
"Fitur ChatGPT makin bagus, AI ini benar-benar mengubah cara kerja saya",positif
ChatGPT tidak bisa menggantikan konsultasi dengan profesional sungguhan,negatif
ChatGPT benar-benar game changer untuk dunia pendidikan di Indonesia,positif
Saya pakai ChatGPT hanya untuk hal-hal tertentu saja,netral
Privasi pengguna tidak terjamin saat menggunakan ChatGPT,negatif
Saya tidak suka ChatGPT karena membuat orisinalitas karya menurun,negatif
Jawaban ChatGPT kadang terasa generik dan tidak sesuai kebutuhan spesifik,negatif
"Saya netral soal ChatGPT, ada yang bilang bagus ada yang bilang buruk",netral
"Saya suka banget sama ChatGPT, jawaban yang diberikan sangat akurat dan cepat",positif
ChatGPT tidak bisa diandalkan untuk informasi yang membutuhkan keakuratan tinggi,negatif
Perkembangan ChatGPT patut diikuti namun dengan sikap kritis,netral
Saya semakin produktif semenjak menggunakan ChatGPT setiap hari,positif
Saya kecewa ChatGPT tidak memahami konteks budaya Indonesia dengan baik,negatif
Terlalu bergantung pada ChatGPT bisa membuat orang malas berpikir sendiri,negatif
"ChatGPT bukan solusi ajaib, tetap butuh keahlian manusia",netral
"ChatGPT memang keren, AI ini revolusioner untuk dunia pendidikan",positif
ChatGPT sering halusinasi dan membuat fakta yang tidak ada,negatif
"ChatGPT adalah inovasi terbaik yang pernah saya gunakan, amazing!",positif
Saya belum terlalu sering pakai ChatGPT jadi belum bisa menilai banyak,netral
Saya semakin produktif semenjak menggunakan ChatGPT setiap hari,positif
"ChatGPT berkembang cepat, sulit memprediksi dampaknya jangka panjang",netral
Jawaban ChatGPT tentang sejarah Indonesia sering tidak akurat,negatif
Pemerintah perlu membuat regulasi yang jelas terkait penggunaan ChatGPT,netral
ChatGPT bisa jadi alat bantu yang baik jika digunakan dengan bijak,netral
ChatGPT membantu saya memahami hukum dan regulasi bisnis dengan mudah,positif
ChatGPT memang viral tapi perlu dilihat dulu apakah benar-benar efektif,netral
ChatGPT sering memberikan informasi yang salah dan menyesatkan,negatif
ChatGPT membuat siswa tidak mau berpikir kritis dan hanya copy paste,negatif
"ChatGPT menarik dari sisi teknologi, namun etika penggunaannya perlu dijaga",netral
ChatGPT adalah alat yang luar biasa untuk meningkatkan kreativitas,positif
"Senang banget ada ChatGPT, bisa tanya apa aja dan dijawab dengan detail",positif
ChatGPT adalah fenomena menarik yang perlu dikaji lebih dalam,netral
Saya tidak percaya dengan jawaban ChatGPT karena sering salah,negatif
ChatGPT membantu saya menyelesaikan laporan kerja dengan lebih cepat,positif
ChatGPT berbahaya jika digunakan tanpa pengawasan yang ketat,negatif
ChatGPT benar-benar membantu UMKM seperti usaha saya berkembang,positif
"ChatGPT mengubah cara orang bekerja, entah itu baik atau buruk",netral
ChatGPT sangat membantu dalam membuat konten media sosial yang menarik,positif
Mantap! ChatGPT bisa membantu brainstorming ide bisnis dengan cemerlang,positif
ChatGPT adalah alat yang luar biasa untuk meningkatkan kreativitas,positif
"ChatGPT adalah inovasi terbaik yang pernah saya gunakan, amazing!",positif
Jawaban ChatGPT tentang sejarah Indonesia sering tidak akurat,negatif
Jawaban ChatGPT tentang sejarah Indonesia sering tidak akurat,negatif
"ChatGPT benar-benar membantu pekerjaan saya sehari-hari, sangat terkesan!",positif
"ChatGPT sangat membantu saya belajar coding, rekomendasinya tepat sekali",positif
ChatGPT memiliki potensi besar namun implementasinya perlu diperhatikan,netral
ChatGPT masih banyak kekurangan terutama untuk bahasa Indonesia,negatif
Saya kecewa ChatGPT tidak memahami konteks budaya Indonesia dengan baik,negatif
ChatGPT adalah alat yang luar biasa untuk meningkatkan kreativitas,positif
ChatGPT tidak memahami humor dan konteks budaya lokal dengan baik,negatif
ChatGPT tidak memahami humor dan konteks budaya lokal dengan baik,negatif
ChatGPT cukup membantu tapi bukan satu-satunya solusi yang ada,netral
"ChatGPT jauh lebih pintar dari yang saya bayangkan, sangat impressive",positif
Saya sangat puas menggunakan ChatGPT untuk riset dan penulisan,positif
Belum ada kesimpulan pasti mengenai dampak jangka panjang ChatGPT,netral
ChatGPT membantu saya memahami konsep yang sulit dengan penjelasan yang mudah dipahami,positif
"ChatGPT benar-benar membantu pekerjaan saya sehari-hari, sangat terkesan!",positif
"Saya coba ChatGPT dan hasilnya biasa saja, tidak istimewa tapi tidak buruk",netral
ChatGPT tidak bisa diandalkan untuk informasi yang membutuhkan keakuratan tinggi,negatif
"Fitur ChatGPT makin bagus, AI ini benar-benar mengubah cara kerja saya",positif
ChatGPT membuat pelajar malas belajar dan mudah menyontek,negatif
ChatGPT memiliki kelebihan dan kekurangan yang perlu dipertimbangkan,netral
ChatGPT membuat siswa tidak mau berpikir kritis dan hanya copy paste,negatif
"ChatGPT mengancam lapangan pekerjaan banyak orang, mengkhawatirkan",negatif
"ChatGPT berkembang cepat, sulit memprediksi dampaknya jangka panjang",netral
Saya tidak nyaman dengan cara ChatGPT mengumpulkan data pengguna,negatif
"ChatGPT ada sisi positif dan negatifnya, tergantung bagaimana kita menggunakannya",netral
ChatGPT membantu saya memahami konsep yang sulit dengan penjelasan yang mudah dipahami,positif
"ChatGPT mengancam lapangan pekerjaan banyak orang, mengkhawatirkan",negatif
ChatGPT membantu saya memahami konsep yang sulit dengan penjelasan yang mudah dipahami,positif
Perkembangan ChatGPT patut diikuti namun dengan sikap kritis,netral
Saya tidak nyaman dengan cara ChatGPT mengumpulkan data pengguna,negatif
Saya sangat terbantu dengan ChatGPT untuk membuat presentasi,positif
Layanan ChatGPT berbayar terlalu mahal untuk kebanyakan pengguna Indonesia,negatif
Saya pakai ChatGPT hanya untuk hal-hal tertentu saja,netral
Saya khawatir anak saya menjadi ketergantungan pada ChatGPT,negatif
"ChatGPT mengubah cara orang bekerja, entah itu baik atau buruk",netral
Mantap! ChatGPT bisa membantu brainstorming ide bisnis dengan cemerlang,positif
ChatGPT benar-benar membantu UMKM seperti usaha saya berkembang,positif
ChatGPT membuat anak-anak tidak mau belajar dengan sungguh-sungguh,negatif
Pemerintah perlu membuat regulasi yang jelas terkait penggunaan ChatGPT,netral
"Saya netral soal ChatGPT, ada yang bilang bagus ada yang bilang buruk",netral
Saya kecewa ChatGPT tidak memahami konteks budaya Indonesia dengan baik,negatif
ChatGPT seringkali memberikan jawaban yang bias dan tidak netral,negatif
Saya takjub dengan perkembangan ChatGPT yang semakin canggih,positif
ChatGPT sangat membantu dalam membuat konten media sosial yang menarik,positif
ChatGPT hanyalah salah satu dari banyak AI yang ada saat ini,netral
ChatGPT sering memberikan informasi yang salah dan menyesatkan,negatif
Saya kecewa ChatGPT tidak memahami konteks budaya Indonesia dengan baik,negatif
Dengan ChatGPT pekerjaan saya jadi lebih efisien dan produktif,positif
ChatGPT bisa disalahgunakan untuk membuat konten penipuan yang meyakinkan,negatif
Terima kasih ChatGPT sudah membantu tugas kuliah saya menjadi lebih mudah,positif
Saya sangat terbantu dengan ChatGPT untuk membuat presentasi,positif
ChatGPT membuat pelajar malas belajar dan mudah menyontek,negatif
ChatGPT terlalu bergantung pada data lama yang sudah tidak relevan,negatif
Saya khawatir anak saya menjadi ketergantungan pada ChatGPT,negatif
"Saya rekomendasikan ChatGPT ke semua teman-teman saya, sangat berguna",positif
"ChatGPT membuat hidup saya lebih mudah, sangat direkomendasikan!",positif
"Saya rekomendasikan ChatGPT ke semua teman-teman saya, sangat berguna",positif
Dengan ChatGPT pekerjaan saya jadi lebih efisien dan produktif,positif
Saya belum terlalu sering pakai ChatGPT jadi belum bisa menilai banyak,netral
"ChatGPT sangat memudahkan pekerjaan tim kami, efisiensi meningkat drastis",positif
Pemerintah perlu membuat regulasi yang jelas terkait penggunaan ChatGPT,netral
ChatGPT bisa disalahgunakan untuk membuat konten penipuan yang meyakinkan,negatif
ChatGPT sering halusinasi dan membuat fakta yang tidak ada,negatif
ChatGPT membantu saya memahami hukum dan regulasi bisnis dengan mudah,positif
"ChatGPT berkembang cepat, sulit memprediksi dampaknya jangka panjang",netral
"ChatGPT bukan solusi ajaib, tetap butuh keahlian manusia",netral
ChatGPT membantu saya memahami konsep yang sulit dengan penjelasan yang mudah dipahami,positif
Kualitas jawaban ChatGPT menurun drastis dalam beberapa bulan terakhir,negatif
ChatGPT membantu saya menyelesaikan laporan kerja dengan lebih cepat,positif
"ChatGPT sangat membantu saya belajar coding, rekomendasinya tepat sekali",positif
ChatGPT menarik untuk dicoba tapi belum tentu cocok untuk semua orang,netral
ChatGPT tidak memahami humor dan konteks budaya lokal dengan baik,negatif
ChatGPT adalah fenomena menarik yang perlu dikaji lebih dalam,netral
Mantap! ChatGPT bisa membantu brainstorming ide bisnis dengan cemerlang,positif
Saya kagum dengan kemampuan ChatGPT dalam memahami bahasa Indonesia,positif
Layanan ChatGPT berbayar terlalu mahal untuk kebanyakan pengguna Indonesia,negatif
Belum ada kesimpulan pasti mengenai dampak jangka panjang ChatGPT,netral
ChatGPT membuat kompetisi kerja semakin ketat dan tidak adil,negatif
"Senang banget ada ChatGPT, bisa tanya apa aja dan dijawab dengan detail",positif
ChatGPT sering memberikan informasi yang salah dan menyesatkan,negatif
ChatGPT benar-benar game changer untuk dunia pendidikan di Indonesia,positif
ChatGPT mengancam profesi penulis dan jurnalis yang sudah berjuang keras,negatif
ChatGPT memang viral tapi perlu dilihat dulu apakah benar-benar efektif,netral
Saya sangat terbantu dengan ChatGPT untuk membuat presentasi,positif
ChatGPT membantu saya memahami hukum dan regulasi bisnis dengan mudah,positif
"ChatGPT berkembang cepat, sulit memprediksi dampaknya jangka panjang",netral
Saya berhasil naik jabatan berkat produktivitas yang meningkat dengan ChatGPT,positif
"ChatGPT jauh lebih pintar dari yang saya bayangkan, sangat impressive",positif
"ChatGPT sangat membantu saya belajar coding, rekomendasinya tepat sekali",positif
ChatGPT terlalu bergantung pada data lama yang sudah tidak relevan,negatif
ChatGPT benar-benar game changer untuk dunia pendidikan di Indonesia,positif
"ChatGPT memang keren, AI ini revolusioner untuk dunia pendidikan",positif
Saya tidak nyaman dengan cara ChatGPT mengumpulkan data pengguna,negatif
Saya was-was data pribadi saya disalahgunakan oleh perusahaan di balik ChatGPT,negatif
"Banyak konten plagiat beredar gara-gara ChatGPT, sangat merugikan",negatif
ChatGPT membuat pelajar malas belajar dan mudah menyontek,negatif
ChatGPT memiliki kelebihan dan kekurangan yang perlu dipertimbangkan,netral
Belum ada kesimpulan pasti mengenai dampak jangka panjang ChatGPT,netral
Saya tidak percaya dengan jawaban ChatGPT karena sering salah,negatif
"ChatGPT memang keren, AI ini revolusioner untuk dunia pendidikan",positif
"ChatGPT bukan solusi ajaib, tetap butuh keahlian manusia",netral
ChatGPT jagoan banget untuk bikin caption Instagram yang menarik,positif
ChatGPT membantu saya memahami hukum dan regulasi bisnis dengan mudah,positif
"ChatGPT ada sisi positif dan negatifnya, tergantung bagaimana kita menggunakannya",netral
Pemerintah perlu membuat regulasi yang jelas terkait penggunaan ChatGPT,netral
"Saya suka banget sama ChatGPT, jawaban yang diberikan sangat akurat dan cepat",positif
Saya khawatir anak saya menjadi ketergantungan pada ChatGPT,negatif
"Fitur ChatGPT makin bagus, AI ini benar-benar mengubah cara kerja saya",positif
ChatGPT terlalu bergantung pada data lama yang sudah tidak relevan,negatif
"ChatGPT mengancam lapangan pekerjaan banyak orang, mengkhawatirkan",negatif
ChatGPT bisa membantu tapi tidak bisa menggantikan pemikiran manusia sepenuhnya,netral
ChatGPT bisa jadi alat bantu yang baik jika digunakan dengan bijak,netral
ChatGPT seringkali memberikan jawaban yang bias dan tidak netral,negatif
Luar biasa! ChatGPT bisa bantu debugging kode program saya dalam sekejap,positif
Penggunaan ChatGPT sebaiknya disesuaikan dengan kebutuhan masing-masing,netral
ChatGPT hanyalah salah satu dari banyak AI yang ada saat ini,netral
ChatGPT benar-benar membantu UMKM seperti usaha saya berkembang,positif
"Senang banget ada ChatGPT, bisa tanya apa aja dan dijawab dengan detail",positif
Saya kagum dengan kemampuan ChatGPT dalam memahami bahasa Indonesia,positif
ChatGPT bisa disalahgunakan untuk membuat konten penipuan yang meyakinkan,negatif
ChatGPT berbahaya jika digunakan tanpa pengawasan yang ketat,negatif
ChatGPT memiliki kelebihan dan kekurangan yang perlu dipertimbangkan,netral
Penggunaan ChatGPT sebaiknya disesuaikan dengan kebutuhan masing-masing,netral
"ChatGPT ada sisi positif dan negatifnya, tergantung bagaimana kita menggunakannya",netral
ChatGPT sering memberikan informasi yang salah dan menyesatkan,negatif
Dengan ChatGPT saya berhasil menyelesaikan skripsi lebih cepat,positif
Terlalu bergantung pada ChatGPT bisa membuat orang malas berpikir sendiri,negatif
"ChatGPT memang keren, AI ini revolusioner untuk dunia pendidikan",positif
Saya semakin produktif semenjak menggunakan ChatGPT setiap hari,positif
Saya tidak percaya dengan jawaban ChatGPT karena sering salah,negatif
"Saya pakai ChatGPT sesekali, biasa saja tidak terlalu istimewa",netral
"Saya suka banget sama ChatGPT, jawaban yang diberikan sangat akurat dan cepat",positif
ChatGPT bisa membantu tapi tidak bisa menggantikan pemikiran manusia sepenuhnya,netral
Pemerintah perlu membuat regulasi yang jelas terkait penggunaan ChatGPT,netral
"Senang banget ada ChatGPT, bisa tanya apa aja dan dijawab dengan detail",positif
Penggunaan ChatGPT di dunia pendidikan masih pro dan kontra,netral
Perlu penelitian lebih lanjut tentang dampak ChatGPT pada masyarakat,netral
Penggunaan ChatGPT di dunia pendidikan masih pro dan kontra,netral
Saya sangat terbantu dengan ChatGPT untuk membuat presentasi,positif
"Saya rekomendasikan ChatGPT ke semua teman-teman saya, sangat berguna",positif
"ChatGPT mengubah cara orang bekerja, entah itu baik atau buruk",netral
ChatGPT luar biasa! bisa bantu nulis artikel dalam hitungan menit,positif
Saya kagum dengan kemampuan ChatGPT dalam memahami bahasa Indonesia,positif
Saya kagum dengan kemampuan ChatGPT dalam memahami bahasa Indonesia,positif
ChatGPT sangat membantu dalam membuat konten media sosial yang menarik,positif
"ChatGPT menarik dari sisi teknologi, namun etika penggunaannya perlu dijaga",netral
Saya was-was data pribadi saya disalahgunakan oleh perusahaan di balik ChatGPT,negatif
Luar biasa! ChatGPT bisa bantu debugging kode program saya dalam sekejap,positif
Jawaban ChatGPT kadang terasa generik dan tidak sesuai kebutuhan spesifik,negatif
Saya sangat terbantu dengan ChatGPT untuk membuat presentasi,positif
ChatGPT berbahaya jika digunakan tanpa pengawasan yang ketat,negatif
"Pakai ChatGPT untuk belajar bahasa Inggris, hasilnya luar biasa!",positif
ChatGPT jagoan banget untuk bikin caption Instagram yang menarik,positif
Pemerintah perlu membuat regulasi yang jelas terkait penggunaan ChatGPT,netral
Belum ada kesimpulan pasti mengenai dampak jangka panjang ChatGPT,netral
Fitur ChatGPT sangat intuitif dan mudah digunakan oleh siapapun,positif
"ChatGPT bukan solusi ajaib, tetap butuh keahlian manusia",netral
ChatGPT tidak bisa diandalkan untuk informasi yang membutuhkan keakuratan tinggi,negatif
"Saya coba ChatGPT dan hasilnya biasa saja, tidak istimewa tapi tidak buruk",netral
"ChatGPT mengubah cara orang bekerja, entah itu baik atau buruk",netral
Belum ada kesimpulan pasti mengenai dampak jangka panjang ChatGPT,netral
Jawaban ChatGPT kadang terasa generik dan tidak sesuai kebutuhan spesifik,negatif
Terima kasih ChatGPT sudah membantu tugas kuliah saya menjadi lebih mudah,positif
ChatGPT bisa disalahgunakan untuk membuat konten penipuan yang meyakinkan,negatif
ChatGPT cukup membantu tapi bukan satu-satunya solusi yang ada,netral
Belum ada kesimpulan pasti mengenai dampak jangka panjang ChatGPT,netral
"Saya rekomendasikan ChatGPT ke semua teman-teman saya, sangat berguna",positif
ChatGPT bisa disalahgunakan untuk membuat konten penipuan yang meyakinkan,negatif
Masih perlu eksplorasi lebih lanjut apakah ChatGPT benar-benar bermanfaat,netral
ChatGPT membantu saya memahami hukum dan regulasi bisnis dengan mudah,positif
"ChatGPT adalah inovasi terbaik yang pernah saya gunakan, amazing!",positif
"ChatGPT memang keren, AI ini revolusioner untuk dunia pendidikan",positif
Saya kagum dengan kemampuan ChatGPT dalam memahami bahasa Indonesia,positif
Saya pernah dirugikan karena mengikuti saran yang salah dari ChatGPT,negatif
Terlalu bergantung pada ChatGPT bisa membuat orang malas berpikir sendiri,negatif
ChatGPT membuat anak-anak tidak mau belajar dengan sungguh-sungguh,negatif
Jawaban ChatGPT kadang terasa generik dan tidak sesuai kebutuhan spesifik,negatif
Saya khawatir anak saya menjadi ketergantungan pada ChatGPT,negatif
Saya frustrasi dengan ChatGPT karena tidak bisa mengakses informasi terbaru,negatif
"ChatGPT menarik dari sisi teknologi, namun etika penggunaannya perlu dijaga",netral
Fitur ChatGPT sangat intuitif dan mudah digunakan oleh siapapun,positif
Saya kagum dengan kemampuan ChatGPT dalam memahami bahasa Indonesia,positif
Fitur ChatGPT sangat intuitif dan mudah digunakan oleh siapapun,positif
Privasi pengguna tidak terjamin saat menggunakan ChatGPT,negatif
"ChatGPT adalah inovasi terbaik yang pernah saya gunakan, amazing!",positif
"ChatGPT mengancam lapangan pekerjaan banyak orang, mengkhawatirkan",negatif
ChatGPT membantu saya menyelesaikan laporan kerja dengan lebih cepat,positif
Terima kasih ChatGPT sudah membantu tugas kuliah saya menjadi lebih mudah,positif
ChatGPT berbahaya jika digunakan tanpa pengawasan yang ketat,negatif
ChatGPT membantu saya memahami konsep yang sulit dengan penjelasan yang mudah dipahami,positif
"ChatGPT memang keren, AI ini revolusioner untuk dunia pendidikan",positif
Perlu literasi digital yang baik agar penggunaan ChatGPT tepat sasaran,netral
ChatGPT memiliki kelebihan dan kekurangan yang perlu dipertimbangkan,netral
ChatGPT bisa jadi alat bantu yang baik jika digunakan dengan bijak,netral
Dengan ChatGPT pekerjaan saya jadi lebih efisien dan produktif,positif
"Banyak konten plagiat beredar gara-gara ChatGPT, sangat merugikan",negatif
"Saya coba ChatGPT dan hasilnya biasa saja, tidak istimewa tapi tidak buruk",netral
"Saya coba ChatGPT dan hasilnya biasa saja, tidak istimewa tapi tidak buruk",netral
ChatGPT bisa membantu tapi tidak bisa menggantikan pemikiran manusia sepenuhnya,netral
ChatGPT membuat siswa tidak mau berpikir kritis dan hanya copy paste,negatif
ChatGPT bisa disalahgunakan untuk membuat konten penipuan yang meyakinkan,negatif
"ChatGPT bukan solusi ajaib, tetap butuh keahlian manusia",netral
Saya kecewa ChatGPT tidak memahami konteks budaya Indonesia dengan baik,negatif
Penggunaan ChatGPT di dunia pendidikan masih pro dan kontra,netral
Saya takjub dengan perkembangan ChatGPT yang semakin canggih,positif
Fitur ChatGPT sangat intuitif dan mudah digunakan oleh siapapun,positif
Dengan ChatGPT saya berhasil menyelesaikan skripsi lebih cepat,positif
ChatGPT jagoan banget untuk bikin caption Instagram yang menarik,positif
Pemerintah perlu membuat regulasi yang jelas terkait penggunaan ChatGPT,netral
ChatGPT bisa jadi alat bantu yang baik jika digunakan dengan bijak,netral
ChatGPT adalah fenomena menarik yang perlu dikaji lebih dalam,netral
Saya khawatir anak saya menjadi ketergantungan pada ChatGPT,negatif
"ChatGPT ada sisi positif dan negatifnya, tergantung bagaimana kita menggunakannya",netral
"Banyak konten plagiat beredar gara-gara ChatGPT, sangat merugikan",negatif
"Saya suka banget sama ChatGPT, jawaban yang diberikan sangat akurat dan cepat",positif
Saya tidak percaya dengan jawaban ChatGPT karena sering salah,negatif
ChatGPT membantu saya memahami hukum dan regulasi bisnis dengan mudah,positif
Saya khawatir anak saya menjadi ketergantungan pada ChatGPT,negatif
Perlu penelitian lebih lanjut tentang dampak ChatGPT pada masyarakat,netral
ChatGPT sering memberikan informasi yang salah dan menyesatkan,negatif
ChatGPT seringkali memberikan jawaban yang bias dan tidak netral,negatif
ChatGPT jagoan banget untuk bikin caption Instagram yang menarik,positif
Terlalu bergantung pada ChatGPT bisa membuat orang malas berpikir sendiri,negatif
"ChatGPT jauh lebih pintar dari yang saya bayangkan, sangat impressive",positif
Terlalu bergantung pada ChatGPT bisa membuat orang malas berpikir sendiri,negatif
ChatGPT memang viral tapi perlu dilihat dulu apakah benar-benar efektif,netral
"ChatGPT sangat membantu saya belajar coding, rekomendasinya tepat sekali",positif
"ChatGPT benar-benar membantu pekerjaan saya sehari-hari, sangat terkesan!",positif
Privasi pengguna tidak terjamin saat menggunakan ChatGPT,negatif
Bahaya sekali jika ChatGPT digunakan untuk menyebarkan hoaks dan disinformasi,negatif
Penggunaan ChatGPT sebaiknya disesuaikan dengan kebutuhan masing-masing,netral
"Sudah 6 bulan pakai ChatGPT, tidak bisa bayangin kerja tanpa ini",positif
ChatGPT tidak bisa menggantikan konsultasi dengan profesional sungguhan,negatif
Perlu penelitian lebih lanjut tentang dampak ChatGPT pada masyarakat,netral
Saya kecewa ChatGPT tidak memahami konteks budaya Indonesia dengan baik,negatif
Saya semakin produktif semenjak menggunakan ChatGPT setiap hari,positif
Dengan ChatGPT saya berhasil menyelesaikan skripsi lebih cepat,positif
ChatGPT bisa disalahgunakan untuk membuat konten penipuan yang meyakinkan,negatif
"Fitur ChatGPT makin bagus, AI ini benar-benar mengubah cara kerja saya",positif
"ChatGPT mengancam lapangan pekerjaan banyak orang, mengkhawatirkan",negatif
"Saya netral soal ChatGPT, ada yang bilang bagus ada yang bilang buruk",netral
Luar biasa! ChatGPT bisa bantu debugging kode program saya dalam sekejap,positif
Saya semakin produktif semenjak menggunakan ChatGPT setiap hari,positif
Keren banget ChatGPT bisa bantu terjemahkan dokumen dengan cepat dan akurat,positif
Saya tidak suka ChatGPT karena membuat orisinalitas karya menurun,negatif
Perlu penelitian lebih lanjut tentang dampak ChatGPT pada masyarakat,netral
Saya belum terlalu sering pakai ChatGPT jadi belum bisa menilai banyak,netral
ChatGPT luar biasa! bisa bantu nulis artikel dalam hitungan menit,positif
Dengan ChatGPT pekerjaan saya jadi lebih efisien dan produktif,positif
Terlalu bergantung pada ChatGPT bisa membuat orang malas berpikir sendiri,negatif
"ChatGPT sangat memudahkan pekerjaan tim kami, efisiensi meningkat drastis",positif
Jawaban ChatGPT kadang terasa generik dan tidak sesuai kebutuhan spesifik,negatif
Sepertinya ChatGPT akan terus berkembang di masa depan,netral
ChatGPT memiliki potensi besar namun implementasinya perlu diperhatikan,netral
ChatGPT sudah menjadi bagian dari kehidupan digital saat ini,netral
ChatGPT tidak bisa diandalkan untuk informasi yang membutuhkan keakuratan tinggi,negatif
ChatGPT adalah alat yang luar biasa untuk meningkatkan kreativitas,positif
"ChatGPT membuat hidup saya lebih mudah, sangat direkomendasikan!",positif
ChatGPT jagoan banget untuk bikin caption Instagram yang menarik,positif
ChatGPT memang berguna tapi perlu dicek ulang kebenarannya,netral
ChatGPT bisa jadi alat bantu yang baik jika digunakan dengan bijak,netral
ChatGPT sudah menjadi bagian dari kehidupan digital saat ini,netral
ChatGPT mengancam profesi penulis dan jurnalis yang sudah berjuang keras,negatif
ChatGPT benar-benar membantu UMKM seperti usaha saya berkembang,positif
"ChatGPT adalah inovasi terbaik yang pernah saya gunakan, amazing!",positif
Saya sangat terbantu dengan ChatGPT untuk membuat presentasi,positif
Perlu literasi digital yang baik agar penggunaan ChatGPT tepat sasaran,netral
ChatGPT hanyalah salah satu dari banyak AI yang ada saat ini,netral
"ChatGPT benar-benar membantu pekerjaan saya sehari-hari, sangat terkesan!",positif
ChatGPT memang viral tapi perlu dilihat dulu apakah benar-benar efektif,netral
ChatGPT membantu saya memahami konsep yang sulit dengan penjelasan yang mudah dipahami,positif
Penggunaan ChatGPT di dunia pendidikan masih pro dan kontra,netral
Saya frustrasi dengan ChatGPT karena tidak bisa mengakses informasi terbaru,negatif
ChatGPT membantu saya memahami konsep yang sulit dengan penjelasan yang mudah dipahami,positif
Luar biasa! ChatGPT bisa bantu debugging kode program saya dalam sekejap,positif
ChatGPT cukup membantu tapi bukan satu-satunya solusi yang ada,netral
Saya pakai ChatGPT hanya untuk hal-hal tertentu saja,netral
ChatGPT menarik untuk dicoba tapi belum tentu cocok untuk semua orang,netral
Saya sangat puas menggunakan ChatGPT untuk riset dan penulisan,positif
"ChatGPT sangat membantu saya belajar coding, rekomendasinya tepat sekali",positif
Fitur ChatGPT sangat intuitif dan mudah digunakan oleh siapapun,positif
Penggunaan ChatGPT sebaiknya disesuaikan dengan kebutuhan masing-masing,netral
Saya semakin produktif semenjak menggunakan ChatGPT setiap hari,positif
Saya frustrasi dengan ChatGPT karena tidak bisa mengakses informasi terbaru,negatif
Mantap! ChatGPT bisa membantu brainstorming ide bisnis dengan cemerlang,positif
ChatGPT membuat pelajar malas belajar dan mudah menyontek,negatif
ChatGPT adalah alat yang luar biasa untuk meningkatkan kreativitas,positif
ChatGPT luar biasa! bisa bantu nulis artikel dalam hitungan menit,positif
ChatGPT benar-benar game changer untuk dunia pendidikan di Indonesia,positif
ChatGPT sering halusinasi dan membuat fakta yang tidak ada,negatif
"Wajar jika ada pro kontra soal ChatGPT, itu hal yang lumrah",netral
"Saya rekomendasikan ChatGPT ke semua teman-teman saya, sangat berguna",positif
ChatGPT tidak bisa menggantikan konsultasi dengan profesional sungguhan,negatif
"Wajar jika ada pro kontra soal ChatGPT, itu hal yang lumrah",netral
"ChatGPT membuat hidup saya lebih mudah, sangat direkomendasikan!",positif
"ChatGPT berkembang cepat, sulit memprediksi dampaknya jangka panjang",netral
ChatGPT adalah teknologi baru yang masih perlu banyak pengembangan,netral
ChatGPT sangat membantu dalam membuat konten media sosial yang menarik,positif
ChatGPT sudah menjadi bagian dari kehidupan digital saat ini,netral
ChatGPT hanyalah salah satu dari banyak AI yang ada saat ini,netral
Masih perlu eksplorasi lebih lanjut apakah ChatGPT benar-benar bermanfaat,netral
ChatGPT bisa membantu tapi tidak bisa menggantikan pemikiran manusia sepenuhnya,netral
Terlalu bergantung pada ChatGPT bisa membuat orang malas berpikir sendiri,negatif
ChatGPT benar-benar membantu UMKM seperti usaha saya berkembang,positif
ChatGPT sangat membantu dalam membuat konten media sosial yang menarik,positif
"ChatGPT bukan solusi ajaib, tetap butuh keahlian manusia",netral
ChatGPT membantu saya memahami hukum dan regulasi bisnis dengan mudah,positif
"Saya rekomendasikan ChatGPT ke semua teman-teman saya, sangat berguna",positif
"Pakai ChatGPT untuk belajar bahasa Inggris, hasilnya luar biasa!",positif
ChatGPT terlalu dibatasi dan sering menolak pertanyaan yang sebenarnya valid,negatif
"ChatGPT jauh lebih pintar dari yang saya bayangkan, sangat impressive",positif
Jawaban ChatGPT tentang sejarah Indonesia sering tidak akurat,negatif
ChatGPT tidak bisa menggantikan konsultasi dengan profesional sungguhan,negatif
"ChatGPT jauh lebih pintar dari yang saya bayangkan, sangat impressive",positif
ChatGPT bisa membantu tapi tidak bisa menggantikan pemikiran manusia sepenuhnya,netral
ChatGPT seringkali memberikan jawaban yang bias dan tidak netral,negatif
"Banyak konten plagiat beredar gara-gara ChatGPT, sangat merugikan",negatif
"ChatGPT mengancam lapangan pekerjaan banyak orang, mengkhawatirkan",negatif
Terlalu bergantung pada ChatGPT bisa membuat orang malas berpikir sendiri,negatif
"Fitur ChatGPT makin bagus, AI ini benar-benar mengubah cara kerja saya",positif
ChatGPT masih banyak kekurangan terutama untuk bahasa Indonesia,negatif
Terlalu bergantung pada ChatGPT bisa membuat orang malas berpikir sendiri,negatif
ChatGPT membantu saya memahami hukum dan regulasi bisnis dengan mudah,positif
ChatGPT mengancam profesi penulis dan jurnalis yang sudah berjuang keras,negatif
Saya masih belum yakin apakah ChatGPT lebih banyak manfaat atau mudharatnya,netral
"Pakai ChatGPT untuk belajar bahasa Inggris, hasilnya luar biasa!",positif
"Saya coba ChatGPT dan hasilnya biasa saja, tidak istimewa tapi tidak buruk",netral
Jawaban ChatGPT kadang terasa generik dan tidak sesuai kebutuhan spesifik,negatif
"ChatGPT berkembang cepat, sulit memprediksi dampaknya jangka panjang",netral
"ChatGPT mengancam lapangan pekerjaan banyak orang, mengkhawatirkan",negatif
Kualitas jawaban ChatGPT menurun drastis dalam beberapa bulan terakhir,negatif
Saya semakin produktif semenjak menggunakan ChatGPT setiap hari,positif
Saya pakai ChatGPT hanya untuk hal-hal tertentu saja,netral
Saya semakin produktif semenjak menggunakan ChatGPT setiap hari,positif
Terlalu bergantung pada ChatGPT bisa membuat orang malas berpikir sendiri,negatif
ChatGPT sering memberikan informasi yang salah dan menyesatkan,negatif
Dengan ChatGPT pekerjaan saya jadi lebih efisien dan produktif,positif
Pemerintah perlu membuat regulasi yang jelas terkait penggunaan ChatGPT,netral
ChatGPT masih banyak kekurangan terutama untuk bahasa Indonesia,negatif
Dengan ChatGPT pekerjaan saya jadi lebih efisien dan produktif,positif
Saya frustrasi dengan ChatGPT karena tidak bisa mengakses informasi terbaru,negatif
ChatGPT cukup membantu tapi bukan satu-satunya solusi yang ada,netral
ChatGPT membuat kompetisi kerja semakin ketat dan tidak adil,negatif
Penggunaan ChatGPT di dunia pendidikan masih pro dan kontra,netral
ChatGPT sudah menjadi bagian dari kehidupan digital saat ini,netral
ChatGPT bisa disalahgunakan untuk membuat konten penipuan yang meyakinkan,negatif
Bahaya sekali jika ChatGPT digunakan untuk menyebarkan hoaks dan disinformasi,negatif
ChatGPT memang berguna tapi perlu dicek ulang kebenarannya,netral
Perlu literasi digital yang baik agar penggunaan ChatGPT tepat sasaran,netral
Saya masih belum yakin apakah ChatGPT lebih banyak manfaat atau mudharatnya,netral
Saya belum terlalu sering pakai ChatGPT jadi belum bisa menilai banyak,netral
"Saya pakai ChatGPT sesekali, biasa saja tidak terlalu istimewa",netral
"Sudah 6 bulan pakai ChatGPT, tidak bisa bayangin kerja tanpa ini",positif
ChatGPT benar-benar game changer untuk dunia pendidikan di Indonesia,positif
ChatGPT sangat membantu dalam membuat konten media sosial yang menarik,positif
ChatGPT mengancam profesi penulis dan jurnalis yang sudah berjuang keras,negatif
"ChatGPT sangat membantu saya belajar coding, rekomendasinya tepat sekali",positif
Kualitas jawaban ChatGPT menurun drastis dalam beberapa bulan terakhir,negatif
ChatGPT adalah teknologi baru yang masih perlu banyak pengembangan,netral
"Saya pakai ChatGPT sesekali, biasa saja tidak terlalu istimewa",netral
Perkembangan ChatGPT patut diikuti namun dengan sikap kritis,netral
ChatGPT luar biasa! bisa bantu nulis artikel dalam hitungan menit,positif
Perlu penelitian lebih lanjut tentang dampak ChatGPT pada masyarakat,netral
Layanan ChatGPT berbayar terlalu mahal untuk kebanyakan pengguna Indonesia,negatif
ChatGPT bisa membantu tapi tidak bisa menggantikan pemikiran manusia sepenuhnya,netral
ChatGPT memang berguna tapi perlu dicek ulang kebenarannya,netral
"ChatGPT sangat memudahkan pekerjaan tim kami, efisiensi meningkat drastis",positif
Saya tidak suka ChatGPT karena membuat orisinalitas karya menurun,negatif
ChatGPT sudah menjadi bagian dari kehidupan digital saat ini,netral
"ChatGPT memang keren, AI ini revolusioner untuk dunia pendidikan",positif
"ChatGPT sangat membantu saya belajar coding, rekomendasinya tepat sekali",positif
ChatGPT dan AI lainnya akan semakin mengubah lanskap pekerjaan,netral
ChatGPT membuat kompetisi kerja semakin ketat dan tidak adil,negatif
ChatGPT seringkali memberikan jawaban yang bias dan tidak netral,negatif
"ChatGPT memang keren, AI ini revolusioner untuk dunia pendidikan",positif
ChatGPT membuat anak-anak tidak mau belajar dengan sungguh-sungguh,negatif
ChatGPT seringkali memberikan jawaban yang bias dan tidak netral,negatif
Saya kagum dengan kemampuan ChatGPT dalam memahami bahasa Indonesia,positif
Saya berhasil naik jabatan berkat produktivitas yang meningkat dengan ChatGPT,positif
ChatGPT memiliki potensi besar namun implementasinya perlu diperhatikan,netral
ChatGPT adalah alat yang luar biasa untuk meningkatkan kreativitas,positif
"Saya pakai ChatGPT sesekali, biasa saja tidak terlalu istimewa",netral
"Saya rekomendasikan ChatGPT ke semua teman-teman saya, sangat berguna",positif
"Saya rekomendasikan ChatGPT ke semua teman-teman saya, sangat berguna",positif
"Pakai ChatGPT untuk belajar bahasa Inggris, hasilnya luar biasa!",positif
ChatGPT adalah alat yang luar biasa untuk meningkatkan kreativitas,positif
Dengan ChatGPT pekerjaan saya jadi lebih efisien dan produktif,positif
